HongKong,F,NaN
UK,M,106.6098081023454
India,M,154.7943722943723
UK,F,261.19402985074623
India,F,266.4318181818182
HongKong,M,412.5
Singapore,M,1341.3333333333335
Singapore,F,2416.0
